{
  "fragments/AddQuestion.fragment.xml": 1710487411402,
  "Component.js": 1710487411390,
  "model/data.json": 1710487411410,
  "manifest.json": 1711005824795,
  "model/models.js": 1710487411414,
  "controller/mainView.controller.js": 1710766916298,
  "controller/View1.controller.js": 1710924983603,
  "controller/App.controller.js": 1710487411390,
  "model/tiles.json": 1710487411414,
  "Component-preload.js": 1711005825068,
  "controller/App-dbg.controller.js": 1710487411390,
  "controller/mainView-dbg.controller.js": 1710766916298,
  "controller/View1-dbg.controller.js": 1710924983603,
  "model/models-dbg.js": 1710487411414,
  "Component-dbg.js": 1710487411390,
  "view/mainView.view.xml": 1710830920316,
  "view/View1.view.xml": 1710917521056,
  "view/App.view.xml": 1710487411418,
  "i18n/i18n.properties": 1710487411402,
  "css/style.css": 1710487411398,
  "index.html": 1710487411406
}